{"cameraMode":{"drawMode":0,"name":"Shaded","section":"Shading Mode"},"sceneLighting":true,"audioPlay":false,"sceneViewState":{"showFog":true,"showMaterialUpdate":false,"showSkybox":true,"showFlares":true,"showImageEffects":true,"showParticleSystems":true},"in2DMode":false,"pivot":{"x":48.62605285644531,"y":-10.418987274169922,"z":62.81504440307617},"rotation":{"x":0.24431924521923066,"y":-0.755109429359436,"z":0.41290852427482607,"w":0.44680002331733706},"size":19.55388641357422,"orthographic":false}